AssetBundle/AssetBundle|1765|0698343191A7FC907EE7BE4C91527667
AssetBundle/blue.u3d|38195|37852E57290D336F73BEAC3E64FC4B7A
AssetBundle/cube.u3d|2812|BAA9B2741BA769E56C0E9506B6DCF47A
AssetBundle/green.u3d|38170|1BF0F1F80E50DCD55261E065386C692B
AssetBundle/red.u3d|38274|0FEBB523987A0C014F4E2CAF35CC1C40
AssetBundle/sphere.u3d|2866|344FA9F93E7B424916255C8993525480
AssetBundle/社会主义核心价值观.u3d|987326|8A8E7A36B8D579AF48A38878CE756FD9
AssetBundle/materials/社会主义核心价值观.u3d|1023805|6540E1F5F51B19D86AFF19F907303462
LuaScripts/Main.lua|679|43816F961B0A0C9C446B5FE3584DD926
LuaScripts/New.lua|157|E69026015479CDF50804A2015DDF473C
LuaScripts/Common/head.lua|2094|2AF4E3A58507AE24F21DDA85F681DE45
LuaScripts/Common/json.lua|17346|63C336D6F75C650CCF50DCC8B3AFE9D1
LuaScripts/Common/Lplus.lua|1492|731AC4EA017FF93FEA39B97ABB12CAE0
